<?xml version="1.0" encoding="UTF-8" standalone="yes"?>
<addon id="repository.damekodirepo" name="_ DaMe Kodi repository" version="0.0.2" provider-name="DaMe">
    <extension point="xbmc.addon.repository" name="_ DaMe Kodi repository">
        <dir>
            <info compressed="false">https://raw.githubusercontent.com/dametest-git/repository.damekodirepo/master/repo/zips/addons.xml</info>
            <checksum>https://raw.githubusercontent.com/dametest-git/repository.damekodirepo/master/repo/zips/addons.xml.md5</checksum>
            <datadir zip="true">https://raw.githubusercontent.com/dametest-git/repository.damekodirepo/master/repo/zips/</datadir>
        </dir>
    </extension>
    <extension point="xbmc.addon.metadata">
        <summary>_ DaMe Kodi repository</summary>
        <description>DaMe repository for testing purposes</description>
        <disclaimer></disclaimer>
        <platform>all</platform>
        <assets>
            <icon>icon.png</icon>
            <fanart>fanart.jpg</fanart>
        </assets>
    </extension>
</addon>
